emp_id,name,gender,year_of_joining
850297,Shawna Buck,F,2010
304721,Nathaniel Burke,M,2017
412317,Elisabeth Foster,F,2017
621375,Briana Lancaster,F,2003
787549,Estella Potter,F,2016
520092,Lamont Woods,M,2014
795934,Melinda Lopez,F,2005
159108,Shanna Silva,F,1999
330816,Jasmine Freeman,F,1983
532002,Madge Sargent,F,2006
612850,Bethany Cline,F,2008
483751,Reid Randolph,M,2017
252938,Antoine Wiley,M,2017
966375,Mathew Hodge,M,2016
707520,Bernardo Austin,M,2005
673049,Cole Jensen,M,2011
265124,Tonia Burns,F,2014
300693,Tod Holcomb,M,2015
369712,Yesenia Guerrero,F,1994
913253,Carey Ferrell,M,2004
308617,Aileen Blanchard,F,2009
766783,Marta Cervantes,F,2016
959506,Arthur Holloway,M,2004
513011,Tara Forbes,F,2009
290808,Josef Griffin,M,1998
253588,Keri Slater,F,1994
865628,Desmond Wynn,M,2013
583924,Adrienne Puckett,F,1997
932453,Beatriz Knowles,F,2011
432168,Jermaine Sykes,M,2016
463784,Scott Best,M,2015
721098,Isabel Espinoza,F,1993
392678,Marcelino Kinney,M,2017
880704,Benjamin Jennings,M,2001
186102,Marcia Casey,F,2013
350367,Rudolph Gordon,M,2001
893976,Beverly Rosales,F,2005
542826,Marcus Bolton,M,2011
590579,Priscilla Mays,F,2017
297741,Lynn Pena,F,1996
458320,Tessa Pace,F,2012
297059,Rufus Guerra,M,2004
874971,Roman Clark,M,1985
136626,Carmela Jefferson,F,2003
865495,Thurman Good,M,2017
415161,Lemuel Guerrero,M,2011
279563,Clint Bridges,M,2015
201710,Karyn Christian,F,2017
722543,Lesa Hughes,F,2016
909337,Rich Bates,M,2011
601071,Liz Frank,F,2009
269523,Kendra Villarreal,F,2007
310986,Maryellen Mcfadden,F,2017
323914,German Carney,M,2000
928739,Micheal Shannon,M,2015
238992,Carlo Albert,M,1996
434046,Bianca Langley,F,1994
971444,Elias Cabrera,M,2016
602683,Alberta Chapman,F,1999
145327,Erin Olsen,M,2016
597202,Frederic Stephenson,M,2013
168824,Tanner Caldwell,M,1999
616665,Clarence Powers,M,2005
396135,German Sheppard,M,2014
966525,Dion Duffy,M,2017
362287,Cornelius Townsend,M,2009
798646,Patsy Koch,F,2010
451972,Waldo Shields,M,2012
993675,Damien Rose,M,2005
807964,Curt Bridges,M,2011
769123,Brenton Matthews,M,1994
395792,Miguel Finley,M,2004
929791,Esperanza Paul,F,1990
141326,Patricia Briggs,F,2000
232794,Forrest Noel,M,1999
946835,Marjorie Wells,F,2005
894936,Vivian Burnett,F,2001
946630,Duncan Chen,M,2000
381338,Miriam Barrett,F,2016
141178,Adam Kirby,M,2015
169763,Benjamin Macdonald,M,1999
326358,Neil Murray,M,2016
185077,Nichole Oneil,F,2008
901185,Jonathon Pearson,M,2015
264960,Brent Bryant,M,1985
248449,Carlene Cain,F,2007
906870,Arnulfo Pittman,M,2002
160503,Nickolas Williams,M,2009
212917,Raymundo Kramer,M,2002
337955,Jeremiah Dotson,M,2015
171553,Tanner Matthews,M,2008
433510,Dorian Foster,M,2009
970502,Nora Hansen,F,2004
668717,Danial Watts,M,2013
479832,Nelson Mcintosh,M,2005
273645,Manuel Fulton,M,2017
266284,Dominic Henson,M,2003
332802,Lowell Erickson,M,2013
166615,Jayne Coleman,F,2010
953967,Cornell Daniel,M,2004
114425,Doris Glenn,F,2002
676618,Tabatha Gonzales,F,2009
581563,Jerome Foreman,M,2015
925484,Elton Ferguson,M,2006
328562,Stacy Jennings,M,2006
759248,Rory Fowler,M,2004
158543,Greg Kane,M,1992
275491,Julian Russo,M,1988
257927,Agnes Herman,F,1998
144114,Nancy Gillespie,F,2011
262843,Tyrone Soto,M,2002
963676,Bradley Chan,M,2002
745672,Emile Love,M,2011
135089,Zachary Gregory,M,2010
593953,Tara Gutierrez,F,1995
169348,Aubrey Pugh,M,2016
976096,Carroll Sweeney,M,2016
790389,Claudette Solomon,F,2014
143898,Ricky Bowers,M,2008
749765,Brian Fitzpatrick,M,2007
877422,Nicholas Branch,M,2013
825343,Eileen Hobbs,F,1994
155570,Colin Wilson,M,2002
587361,Rosario Trevino,F,2001
191240,Salvador Gutierrez,M,2016
404070,Aldo Medina,M,2009
192175,Bret Blevins,M,2015
825853,Dominic Mosley,M,2017
430843,Karina Owens,F,1984
597805,Marquis Perkins,M,2012
651120,Damon Solomon,M,2008
995242,Leonel Atkins,M,2017
839558,Teddy Merritt,M,2010
398788,Alexandria Long,F,2010
166790,Margaret Reilly,F,1995
581261,Willis Rose,M,2010
793523,Donovan Bowman,M,2011
178602,Kristina Mcgowan,F,2007
346662,Garth Clarke,M,2015
817037,Martin Buchanan,M,2001
648913,Irwin Jenkins,M,2013
924281,Reynaldo Sosa,M,1989
951857,Sherri Snyder,F,2013
474759,Johnny Dunlap,M,2012
144715,Earnest Kirk,M,2005
141086,Bernardo Mcdowell,M,2003
633255,Yvette Warner,F,2017
768457,Robby Jordan,M,2007
583282,Carolina Coleman,F,2016
421955,Sonia Cook,F,2012
556491,Larry Tran,M,2007
701223,Esmeralda Grant,F,2013
122005,Candy Singleton,F,2017
461385,Emma Obrien,F,2012
249180,Scot Beach,M,2010
634658,Rolland Mendoza,M,2015
842752,Tommie Sanchez,F,1997
513773,Jessie Cortez,M,2016
781472,Isiah Guthrie,M,2009
747200,Janelle Gill,F,1999
932425,Christoper Haynes,M,2014
962851,Kathie Kirby,F,2011
168829,Antonia Kinney,F,2006
603575,Ophelia Wagner,F,2013
419075,Hallie Cervantes,F,2016
224473,Adriana Mcfarland,F,2000
552582,Jana Weiss,F,2000
724235,Quentin Benson,M,2013
908007,Debra Pena,F,2015
871610,Kenton Moreno,M,2016
491595,Ian Alvarado,M,1998
821474,Jasper Lucas,M,2003
206783,Brock Roberts,M,1991
870463,Salvador Deleon,M,1995
809491,Terence Giles,M,2010
924427,Dario Townsend,M,1994
505780,Ester Houston,F,2007
149904,Leanne Mcmahon,F,1985
886315,Valentin Montoya,M,1997
948512,Jared Shepherd,M,2017
780963,Jami Cantrell,F,2007
282037,Bruno Whitney,M,2010
505758,Garland Watkins,M,2008
487100,Augustus Maldonado,M,2016
974444,Luther Mcneil,M,2014
829416,Jimmy Molina,M,2005
146825,Morton Franklin,M,2008
603179,Andrew Price,M,2009
175035,Ava Romero,F,2004
358935,Anastasia Bowen,F,2017
608832,Sabrina Fowler,F,2006
509911,Kirsten Lee,F,2014
354363,Tabatha Arnold,F,2004
344607,Gregg Mann,M,1998
191963,Deanne Mccarty,F,2012
695631,Juanita Zimmerman,F,2010
547420,Doug Small,M,2014
403674,Billy Mcdowell,M,2014
988937,Boyd Valencia,M,2016
937737,Roberto Caldwell,M,2017
144235,Kris Conner,M,1998
866051,Leann Ortiz,F,2011
287787,Joaquin Bentley,M,2012
316579,Leanne Potter,F,2015
625981,Jay Sanders,M,1987
232661,Luz Brown,F,1987
863522,Dudley Preston,M,2014
118236,Monroe Beach,M,2015
412201,Dina Jones,F,2013
855988,Christian Morrison,M,2011
158689,Lucile Fleming,F,2006
737292,Luciano Ray,M,2014
596917,Ahmad Poole,M,2016
620634,Janna Hopkins,F,2011
130591,Kendrick Miles,M,1991
579618,Demetrius Ruiz,M,2015
240295,Ken Winters,M,2016
846100,Earl Gilbert,M,2013
431841,Taylor Barlow,F,1987
520702,Clarissa Lawson,F,2015
771425,Lewis Fuller,M,2006
189557,Claudine Black,F,2015
702034,Mitzi Lynch,F,2005
586207,Michel Finch,M,2012
835545,Janie Velasquez,F,1983
326407,Sophie Bass,F,2011
414967,Bette Kane,F,2004
410300,Dena Blake,F,2011
252371,Dante Farmer,M,2010
297502,Angelina Lynn,F,2007
725857,Shannon Snow,F,2014
805103,Ron Glenn,M,2014
641096,Kerry Pitts,F,2017
856369,Dominick Robbins,M,2001
318571,Emory Spence,M,2004
219020,Lana Spence,F,2009
934285,Jeremy English,M,1996
149763,Dudley Melton,M,2013
363951,Frances Stafford,F,1987
306185,Percy Hunt,M,2004
225090,Alfredo Vasquez,M,2005
287114,Joanna Perkins,F,1992
811489,Susanna Huff,F,2011
162573,Ola Thompson,F,2003
836699,Louella Wolfe,F,2001
798859,Deirdre Travis,F,1998
458765,Kristina Ware,F,2006
562109,Stacy Dixon,M,1995
947334,Frankie Clark,M,2010
316995,Pauline Gilbert,F,2017
798671,Adolph Skinner,M,2008
415004,Rosa Camacho,F,2016
770810,Craig Marquez,M,2004
255640,Stanley Lowe,M,2008
311079,Morgan Farrell,M,2011
559421,Reba Potts,F,2011
959306,Shana Gould,F,2000
713805,Adam Bartlett,M,2005
532285,Leann Melendez,F,2007
664249,Floyd Mills,M,2006
339483,Scott Carrillo,M,1991
155956,Sterling Hooper,M,2003
791119,Damon Hunt,M,2010
798553,Mauricio Potts,M,2015
981925,Ebony Eaton,F,1999
648118,Bobbie Joyner,F,2016
278391,Jami Velasquez,F,2016
556573,Aisha Gentry,F,1991
159472,Moses Reid,M,1999
871770,Monique Deleon,F,2015
338556,Domingo Gibbs,M,2013
182719,Tammy Vincent,F,2007
305556,Federico Wilson,M,2000
915507,Kory Roth,M,2010
761381,Nichole Lloyd,F,2016
141022,Rodger Chavez,M,2005
528086,Bruce Carney,M,2013
177821,Derick Ferrell,M,2008
740281,Lorna Henson,F,2011
906797,Rico Mayo,M,2016
790008,Luann Crane,F,2010
825433,Tara Goodwin,F,2007
941759,Shaun Evans,M,1990
313864,Debbie Velez,F,1996
978745,May Hodge,F,2015
807182,Adeline Evans,F,2016
463743,Guy Gilbert,M,1988
901775,Opal Hansen,F,2017
197867,Robbie Oconnor,F,2014
423470,Ella Craft,F,2017
238361,Derrick Vaughn,M,1990
596366,Maura Cherry,F,1996
725424,Roderick Vinson,M,2016
229037,Gwen Gilliam,F,2016
434723,Melanie Zimmerman,F,1999
501422,Micah Merritt,M,2006
638943,Buford Hobbs,M,2000
935745,Kyle Farmer,M,2015
750581,Jocelyn Rojas,F,2009
468128,Larry Gray,M,2015
884877,Wilbur Bates,M,2012
870904,Maxine Moran,F,2009
926224,Kathleen Middleton,F,2009
220061,Norbert Joyner,M,2008
125823,Chadwick Walton,M,2008
768943,Connie Shaffer,F,1999
591698,Bobbie Singleton,F,2011
700418,Lesley Rollins,F,2017
476635,Victoria Howe,F,1995
785299,Marc Nixon,M,2005
225139,Elias Pena,M,2017
308125,Flossie Mcpherson,F,1996
129426,Lana Hayes,F,2013
399192,Nick Wilcox,M,2012
555551,Nona Buck,F,2010
245059,Abdul Barnett,M,2011
423008,Inez Kane,F,2009
316407,Raquel Bray,F,2015
410027,Sean Noble,M,2011
307715,Fred Woodward,M,2003
690117,Sylvester Salas,M,2016
149844,Berta Irwin,F,2012
116530,Noelle Paul,F,1988
234429,Chrystal Swanson,F,2007
437970,Reggie Nolan,M,2013
766745,Joanne Melton,F,2006
684446,Bryon Gardner,M,2008
385932,Noreen Vincent,F,2016
862150,Mathew Duran,M,2015
635915,Herminia Morin,F,1989
540696,Luke Craft,M,2013
870351,Ronny Long,M,2009
360498,Jeannine Vaughn,F,2014
397164,Silvia Huff,F,2009
488068,Margo Hoffman,F,2009
890432,Kimberly Summers,F,2006
935890,Jodie Mckinney,F,2016
541867,Lorrie Leblanc,F,1993
885774,Miles Giles,M,2007
979649,Jamar Castaneda,M,2006
599012,Amber Warner,F,2016
204626,Sterling Patel,M,2001
830006,Enid Pearson,F,2006
127205,Annmarie Frye,F,2013
215589,Molly Roach,F,2005
621606,Rogelio Poole,M,2014
223379,Mathew Duke,M,2015
236366,Lewis Ayala,M,2016
798043,Claudette Walter,F,2012
811092,Tracie Delaney,F,2011
288820,Eric Mccullough,M,1997
138351,Nestor Carney,M,1996
130501,Mitzi Mueller,F,2010
587373,Lillian Atkinson,F,2016
750124,Barry Garner,M,2014
495105,Coleen Morris,F,2017
282678,Marci Alvarado,F,2007
241302,Monty Lancaster,M,1985
790290,Norris Adams,M,2016
924304,Elvira Byrd,F,2011
234880,Keven Logan,M,2012
443072,Rosendo Rasmussen,M,2001
232070,Carly Leach,F,2013
902132,Colleen Bray,F,2014
280781,Ollie William,F,2007
589440,Hilario Vang,M,2011
940754,Nadine Blanchard,F,2001
888277,Wm Carroll,M,2017
430202,Minnie Mckee,F,2016
928723,Angela Compton,F,2008
449164,Lillian Gill,F,2000
117603,Bob Weiss,M,2012
811884,Edwin Perez,M,2014
463579,Bernardo Langley,M,2007
915993,William Morrison,M,2001
836259,Vance Osborne,M,2001
520719,Edmund Salas,M,1989
409341,Imogene Sanders,F,2012
528576,Darin Callahan,M,2014
315565,Loretta Sawyer,F,2017
242740,Olive Livingston,F,2002
763459,Gino Mcconnell,M,2005
239010,Fred Hayes,M,2001
865905,Nelson Wilkins,M,2017
657908,Joyce Hooper,F,2002
652723,Juliana Rowland,F,2016
944699,Norris Mack,M,2009
517283,Tom Frye,M,2015
176214,Josephine Pitts,F,2008
680485,Les Brady,M,2016
891142,Jaime Avery,M,2005
810984,Marissa Caldwell,F,2000
896022,Lavern Gardner,M,1998
162773,Evangeline Mejia,F,2010
408036,Brandy Carr,F,2008
591248,Molly Manning,F,2004
562393,Gale Perez,M,1994
808843,Merlin Yates,M,2012
645393,Nelson Mooney,M,1995
685818,Jackson Bass,M,2013
747647,Trisha Mueller,F,2006
846178,Lilia Collins,F,2004
754091,Kimberly Cantu,F,2002
808727,Luciano Jordan,M,2016
143029,Danny Robbins,M,1999
923271,Wilfredo Richards,M,1985
621988,Callie Snider,F,2012
240842,Rachelle Reed,F,2010
517038,Bobbi Olson,F,2017
456842,Kris Richards,F,2011
276700,Marissa Meyer,F,1995
510431,Jamar Reese,M,1999
451543,Nelda Webster,F,2016
423508,Carolina Bruce,F,2007
399486,Terri Phelps,F,1998
295933,Nestor Rosales,M,2010
855670,Adrian Robles,F,1982
151449,Kyle Rios,M,2016
394700,Domingo Wilkinson,M,2008
328740,Leonardo Bird,M,1997
924134,Hubert Zimmerman,M,2009
556518,Kory Frank,M,2010
237003,Tami Hayes,F,2016
518193,Amanda Carr,F,2009
540019,Stephen Bauer,M,2013
489463,Johnie Carney,M,2015
763039,Rebekah Hull,F,2017
854365,Kelly Spence,F,1997
233110,Tracie Estes,F,2012
416483,Bennett Le,M,2004
629763,Vernon Bass,M,2013
755278,Theron Sweet,M,2016
471560,Ernie Holden,M,2013
988676,Shawn Rasmussen,M,2013
606109,Enrique Adams,M,2001
414129,Ernie Aguilar,M,2001
286890,Carolyn Donaldson,F,2005
944811,Margie Deleon,F,2005
975770,Keven Collins,M,1995
590955,Bruce Colon,M,2010
565658,Kristen Lott,F,2011
569664,Howard Dodson,M,2007
939970,Merle Britt,M,2009
848744,Hector Bradley,M,2013
452230,Darnell Spencer,M,1999
930129,Janelle William,F,2004
909139,Eula Atkinson,F,2012
678436,Theresa Bender,F,1982
196011,Kimberley Jacobson,F,2010
666886,Angelita Reyes,F,1987
572348,Selma Floyd,F,2015
846144,Edna Paul,F,1989
665326,Dewayne Sheppard,M,2003
119399,Gale Rodriquez,M,1995
744539,Cora Blackburn,F,2013
518154,Annmarie Roth,F,2006
416872,Owen Lopez,M,2017
339806,Chrystal Pittman,F,2009
991522,Thurman Daniel,M,2001
830373,Darnell Hoffman,M,2013
987377,Raymundo Sims,M,2009
551251,Frederick Graham,M,2015
143864,Natalie Marshall,F,2001
679990,Thad Franklin,M,2016
851939,Belinda Trujillo,F,2017
272885,Rosanna Chase,F,2011
588553,Wilda Rios,F,2010
739367,Alyssa Marquez,F,2012
271247,Liz Barry,F,2013
778200,Mariano Lloyd,M,1996
338449,Forest Moss,M,1994
581042,Gino Sullivan,M,2014
138800,Jarred Bernard,M,2012
553362,Preston Floyd,M,1992
435055,Clinton Farley,M,2015
469392,Dana Hill,F,1999
161467,Odell Bryan,M,2012
755543,Tameka Atkinson,F,2009
129077,Dominique Moreno,M,2014
707856,Abraham Mayo,M,2015
817818,Augustus Hines,M,1990
226811,Rene Burks,M,2016
283199,Christian Acevedo,M,2006
319493,Major Lucas,M,2011
205347,Frieda Hebert,F,1985
508019,Rachael Newman,F,2001
774862,Bernadine Joseph,F,2006
394200,Deanna Mccoy,F,1995
887692,Joseph Tucker,M,2006
408248,Antwan Richardson,M,2004
787931,Harrison Ortega,M,1998
547050,Dylan Cantu,M,1998
964084,Winston Hewitt,M,2013
574256,Serena Marshall,F,2016
215473,Maryann Vance,F,2010
932175,Roxie Mckay,F,2013
472119,Sonny Morin,M,2001
282137,Eduardo Burnett,M,2002
395867,Marietta Watson,F,2014
923329,Nettie Preston,F,2003
901654,Sandy Gillespie,M,2012
673438,Christopher Peters,M,2015
626693,Felicia Gilmore,F,1996
683325,Tyler Mercado,M,1999
486465,Arline Campbell,F,2012
213493,Margo Daniels,F,2009
234177,Kareem Jimenez,M,2010
289041,Nanette Lee,F,2016
384810,Myra Franco,F,2012
149750,Luther Harrell,M,2009
864858,Ramon Campbell,M,2013
856418,Sallie Huffman,F,2005
415537,Shirley Herrera,F,2010
414557,Corey Harrell,M,2003
999475,Carrie Keller,F,2015
554345,Ofelia Rivers,F,2000
349751,Shelton Harrison,M,2011
194598,Carlene Bernard,F,2015
466860,Earline Cherry,F,1997
618554,Kitty Mathis,F,1991
535812,Lavonne Carney,F,2009
500345,Reyna Marks,F,2017
735598,Preston Perez,M,1992
921061,Isaac Cochran,M,2006
968785,Noe Clay,M,2002
735499,Callie Cohen,F,1996
983480,Elliott Marks,M,2000
206279,Georgina Lamb,F,2016
582100,Frances May,M,2001
821988,Marc Hurley,M,2016
611384,Nathaniel Bates,M,2003
993792,Colby Holder,M,1999
316999,Dee Love,F,1993
880526,Willie Gibson,M,1999
201612,Alison Walsh,F,2010
481137,Gena Holman,F,2013
191985,Tammy Casey,F,2002
244500,Shirley Waller,F,1990
920668,Joanna Poole,F,2015
335470,Amber Mendoza,F,1994
150036,Lourdes Hull,F,1990
251640,Kim England,F,1995
588702,Haley Maddox,F,2004
707453,Rory Atkins,M,1995
239168,Kathrine Whitaker,F,2016
146790,Lou Buckner,F,2010
637843,Karla Barrera,F,1993
689587,Ava Kane,F,2012
126316,Roseann Riley,F,2010
318026,Elizabeth Fernandez,F,2016
848311,Flora Decker,F,1995
774548,Shannon Parker,F,2011
611233,James Cain,F,2017
421652,Craig Roberts,M,2004
528969,Celina Huffman,F,2002
202408,Jimmie Burnett,F,2017
918148,Faye Barrett,F,2008
396091,Gena Bradley,F,1999
808996,Deandre Good,M,2007
752301,Garland Ayers,M,2011
654102,Jerrod Bell,M,2014
809104,Alexis Holland,M,2011
929548,Deidre Barrett,F,2012
978535,Fred Hoffman,M,2017
211729,Effie Santana,F,1993
760573,Juliette Mosley,F,2014
979873,Susan Schwartz,F,2002
446702,Richie Downs,M,1992
505362,Winston Griffin,M,2015
451940,Sammy Mills,M,2006
411196,Gracie Mosley,F,2015
636457,Manuel Bentley,M,2014
262702,Roberto Hogan,M,2003
422323,Wilma Gray,F,2002
328389,Roderick Perry,M,2009
733184,Mayra Bowen,F,2011
649821,Andres Alexander,M,2015
117956,Quentin Carney,M,2015
670526,Adrian Dunlap,F,2013
752997,Lelia Sawyer,F,2015
340599,Tad Patrick,M,1998
239415,Pansy Macdonald,F,2015
280326,Agustin Gentry,M,1985
445516,Riley Conley,M,2013
586177,Bernard Leach,M,2012
866614,Lonnie Gonzales,M,2005
751376,Courtney Barnes,M,2014
196645,Eliza Odonnell,F,2013
728839,Jody Mejia,M,2013
694921,Pam Stuart,F,1990
719798,Trevor Romero,M,2013
375797,Tamara Perez,F,2012
160350,Bonita Dixon,F,2003
937931,Raphael Durham,M,2010
155916,Rosanne Mendoza,F,1980
905335,Ola Hays,F,2014
502509,Genevieve Finley,F,2003
563580,Lamont Albert,M,1995
433698,Margie Vincent,F,2006
163351,Terrell Sears,M,1997
898816,Edna Riddle,F,2007
641368,Lindsey Griffin,M,2004
177982,Lorrie Sears,F,1998
330889,Denver Mays,M,2015
639474,Daisy Giles,F,2017
911800,Esperanza Wade,F,2014
222807,Janice Berg,F,1981
516945,Helene Gallegos,F,2012
230829,Rosario Tyson,F,2017
133610,Teresa Bowen,F,2009
791967,Janna Joseph,F,2014
772354,Erika Myers,F,2002
909265,Mohamed Fitzgerald,M,2013
208763,Mohammad Downs,M,2013
679572,Felipe Vance,M,1987
992569,Rusty Moran,M,2004
821754,Kirsten Wolf,F,1985
751897,Mercedes Glass,F,1988
208375,Kenya Merrill,F,2006
931551,Laurence Camacho,M,2015
317525,Shirley Potter,F,2013
993099,Ricky Snider,M,1981
854776,Jerry Jacobs,F,2014
437878,Melva Payne,F,2000
350842,Josef Lamb,M,2004
125134,Ellen Bird,F,2002
651597,Lydia Lindsey,F,2001
801970,Becky Bolton,F,2015
217117,Edna Petersen,F,2000
539548,Yong Poole,M,2013
479754,Shannon Singleton,F,1987
992197,Benny Smith,M,2013
844571,Rhea Faulkner,F,1995
618339,Tracy Sparks,M,2011
804360,Wilburn Atkins,M,2013
335435,Frank Larson,M,2001
308129,Barton Mullen,M,2004
192292,Max Barrera,M,1999
410844,Eliseo Wilkerson,M,2017
530958,Lynne Vinson,F,2012
232194,Maude Jackson,F,2012
888196,Kathryn Sargent,F,2010
696612,Dan William,M,2014
775434,Tanisha Lester,F,2001
860093,Kitty Clay,F,2003
476072,Kent Jackson,M,1996
407160,Ashlee Gardner,F,2015
221262,Felecia Sparks,F,2007
790187,Horace Rasmussen,M,2012
771945,Rickie Gilmore,M,1999
372188,Maria Chavez,F,2017
657125,Michael West,F,1999
489761,Paula Pacheco,F,2017
651738,Rick Sawyer,M,1993
463929,Ramiro Rojas,M,2006
521878,Benny Stephenson,M,2015
697802,Beryl Nelson,F,2010
842936,Bernice Conrad,F,2002
333260,Bud Knowles,M,2007
696218,Anita Pratt,F,2001
161109,Kareem Fuentes,M,2001
938475,Curtis Hoover,M,2011
368041,Tamika Rosa,F,2009
738794,Carmelo Scott,M,2011
703738,Rebecca Moon,F,2015
188409,Pearlie Bryant,F,2008
206997,Donovan Russo,M,2000
677871,Robt Ramsey,M,2009
963113,Lacy Rowe,F,1997
291577,Rosemary Vaughn,F,2012
142501,Lon Martin,M,2011
358556,Grace Dejesus,F,2000
126137,Felix Haynes,M,2003
409492,Beatriz Pugh,F,2011
967793,Louisa Wallace,F,2009
790017,Aubrey Myers,M,2005
998638,Reyna Mccoy,F,2016
402452,Rusty Fletcher,M,2013
490868,Houston Morris,M,2012
381597,Edwardo Stone,M,2016
852587,Clifton Langley,M,2017
732315,Amparo Campos,F,2016
937260,Martha Schmidt,F,2009
290034,Charmaine Hawkins,F,2012
273325,Jayne Thomas,F,1981
809726,Bryce Cox,M,2004
575035,Beatrice Lawson,F,2017
211129,Alphonse Torres,M,2002
673451,Rae Peck,F,2016
230226,Dona Maxwell,F,2014
673126,David Meyer,M,2001
615857,Clara Harrington,F,2006
251151,Harlan Vaughan,M,1999
232585,Wanda Lester,F,1995
237448,Keri Buchanan,F,2009
764254,Wilfred Charles,M,2017
837427,Lynn Howe,M,2015
934912,Faye Mercer,F,2005
747004,Bennie Melendez,M,1987
497086,Scotty Ellis,M,1994
743314,Grady Herman,M,1990
570767,Eula Aguirre,F,2002
445556,Nita Adams,F,2009
471961,Zachery Harvey,M,2005
273769,Scot Faulkner,M,2001
280832,Mia Joseph,F,2017
411066,Hung Herman,M,2014
843879,Genevieve Bradshaw,F,1990
352677,Alec Brown,M,2006
237902,Pasquale Knight,M,1992
180696,Sheri Whitley,F,2012
168016,Mauro Marshall,M,2010
481176,Cristina Grimes,F,2015
438561,Raul Frost,M,2009
709146,Amparo Dixon,F,2014
746945,Efrain Carney,M,2014
473773,Stacey Workman,M,1994
828174,Leon Mcgowan,M,2007
438094,Vonda Johns,F,2006
866744,Jorge Wright,M,2016
638900,Brandy Bean,F,2016
759226,Lakeisha Bowman,F,1989
476750,Ernestine Lambert,F,2009
588664,Julius Gardner,M,2012
403910,Naomi Jacobs,F,2000
449655,Sydney Frederick,M,2016
226863,Clifton Tyson,M,1993
651910,Consuelo Hamilton,F,2006
717861,Aldo Jarvis,M,2008
885624,Deidre Anthony,F,2014
341048,Maura Delaney,F,1999
709748,Claudine Landry,F,2016
454287,Silvia Ortega,F,2001
390973,Gilda Dillon,F,1998
570009,Mai Jennings,F,2007
454506,Cecilia Dawson,F,1999
147313,Wilburn Rowe,M,2015
307771,Delbert Cooley,M,2016
498653,Vincent Case,M,2007
964798,Orlando Wilkerson,M,2009
616656,Isiah Hubbard,M,2012
232425,Jeanine Ratliff,F,2014
504422,Damien Middleton,M,1999
941632,Fern Burris,F,2003
925954,Katy Glass,F,2006
585128,Nikki Bean,F,2011
271180,Norris Alvarez,M,2011
277858,Reinaldo Eaton,M,2009
118882,Eddie Irwin,M,2011
957082,Denise Swanson,F,2017
191995,Sasha Beard,F,2004
294276,Josh Tucker,M,2016
955260,Rodger Roach,M,1993
457714,Miles Mcdaniel,M,2011
327467,Erin French,F,2012
642418,Rosalind Booth,F,1998
536053,Lenard Conner,M,2017
950796,Wilson Mcmillan,M,2015
475176,Harley Murphy,M,2008
873985,Carrie Ramsey,F,2017
706151,Esteban Finch,M,2013
734991,Merle Martin,M,2016
461350,Joanna Rodriquez,F,1987
454745,Cyrus Gardner,M,2013
901588,Mariana Mcneil,F,1984
891083,Fletcher Hardin,M,2016
654747,Edwin Brock,M,2015
778415,Noreen Bray,F,1988
996768,Ollie Woods,M,2014
295864,Cleveland Kirkland,M,2016
924999,Arron Olsen,M,2009
291663,Elijah Garrison,M,2014
818352,Allie Landry,F,2006
636018,Janie Cooke,F,2012
712045,Shelia Conrad,F,2001
507999,Aida Banks,F,2013
770255,Lora Wheeler,F,2012
977573,Fritz Gross,M,2004
206695,Natalie Ellison,F,2008
688327,Eliseo Berry,M,2011
903098,Philip Mcbride,M,2017
557561,Kay Travis,F,1994
864516,Liliana Donovan,F,2007
743727,Elise Kidd,F,1989
205865,Tabitha Baird,F,2002
909024,Barney Guerrero,M,2006
808609,Myrtle Riggs,F,2017
804895,Frederick Mckay,M,2013
564246,Debora Hinton,F,2016
208230,Merlin Meyers,M,2009
232387,Celia Huffman,F,2016
124923,Tina Cabrera,F,1999
274518,Kelsey Brown,F,2009
288568,Danny Shaw,M,1997
802355,Dena Gomez,F,1999
648744,Edmund Blankenship,M,2017
224106,Hershel Cain,M,1986
543320,Lawanda Whitehead,F,2013
838662,Sophia Gregory,F,2012
138130,Lauren Mcgee,F,2014
516579,Guy Rutledge,M,2016
939556,Kurt Oconnor,M,2002
495659,Mallory Pearson,F,1993
630030,Louisa Nelson,F,2005
874431,Diego Huffman,M,1998
809793,Louisa Ellison,F,2004
942454,Josue Cross,M,2011
228229,Ines Dominguez,F,2010
375190,Lance Garza,M,2003
532560,Belinda Pace,F,2009
210135,Gracie Herring,F,2013
228355,Benito Knapp,M,2004
965308,Lucinda Mcgowan,F,2017
768500,Jami Golden,F,1985
816768,David Gutierrez,M,2017
909541,Clement Myers,M,1983
529604,Shane Porter,M,2014
140932,Clint Gross,M,2000
725731,Ofelia Pickett,F,2013
214985,Karina Green,F,2006
405156,Sam Burris,M,1986
249736,Lina Shannon,F,2010
526273,Myles Coleman,M,2011
654723,Clay Freeman,M,2011
672964,Catalina Guthrie,F,2000
240799,Nannie Moon,F,2009
169618,Donovan Serrano,M,2013
430633,Sondra Reyes,F,2016
116286,Terrance Duke,M,2013
486573,Colleen Rodriguez,F,2015
371751,Thad Luna,M,2007
783654,Terence Clay,M,2016
845635,Bettie Holman,F,2013
266624,Boyd Greer,M,2017
682855,Corey Edwards,M,1990
229899,Violet Lindsay,F,2013
701561,Camille Mullins,F,2001
114862,Nicole Rodriquez,F,2002
445650,Joan Bauer,M,2013
574544,Kennith Marquez,M,1994
990758,Mae Hurst,F,2010
833424,Denver Mann,M,1987
864834,Milford Dickerson,M,1999
703495,Marva Phelps,F,2015
222179,Betsy Dillon,F,2014
951011,Celeste Ramirez,F,2015
187639,Tonya Burke,F,2015
375051,Deana Spencer,F,2000
509810,Susanne Joseph,F,1985
625661,Cole Spencer,M,2003
662168,Marlon Whitaker,M,2008
678244,Trudy Frazier,F,2007
864339,Tania May,F,1985
436424,Leonel Guerrero,M,2014
606834,Nadia Stokes,F,2005
268942,Cody Dillard,M,2001
484822,Megan Fry,F,2017
397241,Darla Durham,F,2012
924252,Cecile Ross,F,2016
717079,Helene Franco,F,2002
494794,Vernon Buchanan,M,2015
970841,Marva Santiago,F,2012
281794,Yvette Bentley,F,2015
520539,Derick Daugherty,M,2007
567269,Fay Villarreal,F,2012
749292,Deanna Wilkins,F,2016
292144,Augusta Andrews,F,2013
896825,Erna Tran,F,2009
216408,Luther Short,M,2017
579003,Curtis Williamson,M,2013
249410,Yvette Rivers,F,2006
241389,Walter Velez,M,2016
311405,Christa Wilkins,F,2011
796832,Milton Neal,M,2003
976347,Kimberly Harmon,F,2015
363748,Lemuel Houston,M,2014
368157,Marcie Weiss,F,2016
466203,Bart Whitaker,M,2007
893798,Patrice Koch,F,2016
501368,Xavier Mcintosh,M,2014
507594,Lidia Rojas,F,2016
390989,Essie Bridges,F,2015
312364,Sondra Stephens,F,2001
444670,Monte Contreras,M,1998
969572,Ernesto Moreno,M,2006
129405,Ismael Ellis,M,2000
612960,Elijah Hopkins,M,2016
328690,Leigh Mccall,F,2008
960091,Genaro Stafford,M,2000
563448,Lucy Hinton,F,1998
982922,Bernadette Glass,F,2016
646972,Lee Peck,M,2009
387407,Damian Ellison,M,2010
468347,Dusty Hendricks,M,2013
707678,Katina Wynn,F,2015
709899,Clair Morris,M,1981
931481,Ernesto Short,M,2015
415337,Frankie Wiggins,F,1990
795746,Angelique Guy,F,2012
880808,Marcelino Tanner,M,2009
224527,Tony Weiss,M,1993
674436,Lenard Cardenas,M,2008
492623,Aurora Gray,F,1988
589874,Manuela Koch,F,2009
476018,Jean Mclean,F,2011
228339,Barbra Sutton,F,2012
239118,Deann Mccormick,F,1988
125780,Reba Browning,F,1993
431018,Rickie Alston,M,2015
452967,Lyman Reeves,M,2017
407464,Deon Quinn,M,2007
871827,Israel Mccarthy,M,2001
884068,Moises Berger,M,2006
131361,Jerri Douglas,F,1994
259652,Bradley Nieves,M,2005
430932,Romeo Foster,M,2005
637522,Leopoldo Mcgee,M,2017
467568,Andrea Crawford,M,2009
683539,Charley Daniel,M,2014
417301,Carolyn Butler,F,2006
682104,Gracie Stanley,F,2005
544977,Jerrold Sweet,M,2015
928962,Joshua Small,M,2001
248088,Kristy Jordan,F,2013
599683,Spencer Williams,M,2014
117980,Ashley Ochoa,F,2015
899405,Rocco Wall,M,1994
935067,Sonny Carey,M,2008
521604,Erich Goodman,M,1986
848091,Mack Massey,M,2016
999219,Vicky Burgess,F,2017
209627,Willa Hensley,F,2003
642586,Reva Morales,F,2011
651163,Ina Cummings,F,2016
425289,Kristi Monroe,F,2006
314444,Danial Carpenter,M,2012
956821,Benita Duncan,F,1985
711278,Dwayne Kim,M,2009
125371,Lorrie Rocha,F,2016
906259,Juliana Hines,F,2007
327429,Mac Mcleod,M,2003
272413,Bryce Bonner,M,2008
645306,Guadalupe Holcomb,M,2013
180869,Jacob Cherry,M,2014
222563,Jeanette Rivera,F,2002
541221,Jefferson Holt,M,2017
198476,Dillon Dunn,M,1999
664807,Bertie Slater,F,2017
673745,Hannah Cooper,F,2015
812026,Jon Mcneil,M,2008
957459,Caitlin Mann,F,1990
118109,Doris Giles,F,2000
900863,Barbra Hobbs,F,2013
147382,Hung Witt,M,1998
456816,Adele Scott,F,2012
437096,Stella Guy,F,2016
159397,Clement Lancaster,M,2005
169739,Rosetta Decker,F,2016
995863,Caleb Poole,M,2004
779374,Dudley Elliott,M,1996
587639,Barbara Palmer,F,2014
964222,Alana Henderson,F,1987
597006,Hazel Case,F,1987
688836,Erich Lyons,M,2017
498361,Elise Zimmerman,F,2007
759183,Mauro Fernandez,M,2011
186298,Luisa Mcintyre,F,1992
776211,Duane Lowery,M,2003
337146,Weldon Hyde,M,2006
273427,Ilene Head,F,2007
329548,Phil Montgomery,M,2017
955183,Jonas Underwood,M,2017
862947,Benita Mcgee,F,2005
174542,Rochelle Guerrero,F,2015
857324,Terra Webb,F,2008
678498,Buford Zimmerman,M,2016
661971,Emanuel Nichols,M,1999
537235,Cheryl French,F,2012
712170,Theodore Dale,M,2017
285184,Ginger Palmer,F,2009
994907,Lilian Stein,F,2017
523887,Gilbert Luna,M,2004
684722,Waldo Wright,M,2014
792224,Tommie Cunningham,M,2013
199699,George Potts,M,2006
953997,Graham Hutchinson,M,2013
149818,Ophelia Pena,F,2016
352882,Lon Harper,M,2016
760995,Irvin Witt,M,2014
873626,Sheri Spears,F,2007
247051,Alberta Page,F,2010
715045,Kerri Santos,F,2017
601808,Olin Case,M,2015
569286,Stefan Jacobs,M,2008
172440,Cody Allison,M,2017
568435,Bonnie Baker,F,2008
597409,Luke Turner,M,2010
359608,Eva Holman,F,2001
803426,Maritza Christian,F,2012
669618,Phyllis Dudley,F,1980
